Word,Count,Song
i,17,Next Level Charli
go,27,Next Level Charli
hard,3,Next Level Charli
fast,3,Next Level Charli
and,33,Next Level Charli
never,6,Next Level Charli
look,5,Next Level Charli
back,3,Next Level Charli
speedin,8,Next Level Charli
on,19,Next Level Charli
the,34,Next Level Charli
highway,10,Next Level Charli
burn,3,Next Level Charli
rubber,3,Next Level Charli
no,3,Next Level Charli
crash,3,Next Level Charli
turn,10,Next Level Charli
volume,10,Next Level Charli
up,16,Next Level Charli
in,15,Next Level Charli
party,3,Next Level Charli
put,6,Next Level Charli
your,15,Next Level Charli
hands,6,Next Level Charli
dance,3,Next Level Charli
bump,20,Next Level Charli
rave,7,Next Level Charli
forever,10,Next Level Charli
ever,10,Next Level Charli
bounce,3,Next Level Charli
sleep,3,Next Level Charli
push,3,Next Level Charli
it,3,Next Level Charli
all,3,Next Level Charli
repeat,3,Next Level Charli
flame,3,Next Level Charli
burning,3,Next Level Charli
tire,3,Next Level Charli
screech,3,Next Level Charli
bedroom,3,Next Level Charli
scream,3,Next Level Charli
lights,3,Next Level Charli
out,5,Next Level Charli
drop,2,Next Level Charli
body,2,Next Level Charli
high,2,Next Level Charli
blue,2,Next Level Charli
pink,2,Next Level Charli
like,2,Next Level Charli
sky,2,Next Level Charli
vroom,2,Next Level Charli
vroomin,2,Next Level Charli
might,3,Next Level Charli
die,2,Next Level Charli
prius,2,Next Level Charli
windows,2,Next Level Charli
down,2,Next Level Charli
just,2,Next Level Charli
vibe,2,Next Level Charli
you,1,Next Level Charli
also,1,Next Level Charli
likeroll,1,Next Level Charli
wit,2,Next Level Charli
friends,2,Next Level Charli
till,2,Next Level Charli
7,2,Next Level Charli
am,2,Next Level Charli
come,2,Next Level Charli
meet,2,Next Level Charli
me,2,Next Level Charli
smoke,2,Next Level Charli
blowing,2,Next Level Charli
lets,2,Next Level Charli
race,2,Next Level Charli
speakers,2,Next Level Charli
got,2,Next Level Charli
that,2,Next Level Charli
face,2,Next Level Charli
roll,1,Next Level Charli
xxxcx,1,Next Level Charli
charli,5,Next Level Charli
its,4,Next Level Charli
baby,1,Next Level Charli
i,12,Gone
have,1,Gone
to,2,Gone
go,1,Gone
im,6,Gone
so,11,Gone
sorry,1,Gone
but,3,Gone
it,3,Gone
feels,1,Gone
cold,1,Gone
in,6,Gone
here,5,Gone
am,3,Gone
just,2,Gone
now,1,Gone
realizing,1,Gone
they,12,Gone
dont,5,Gone
care,1,Gone
try,1,Gone
real,1,Gone
hard,1,Gone
caught,1,Gone
up,1,Gone
by,1,Gone
my,2,Gone
insecurities,1,Gone
pour,1,Gone
me,17,Gone
one,1,Gone
more,1,Gone
watch,1,Gone
the,19,Gone
ice,1,Gone
melt,1,Gone
fist,1,Gone
,5,Gone
feel,6,Gone
unstable,4,Gone
fucking,4,Gone
hate,4,Gone
these,4,Gone
people,4,Gone
how,4,Gone
making,8,Gone
lately,4,Gone
weird,2,Gone
baby,8,Gone
loathe,4,Gone
yeah,6,Gone
why,21,Gone
do,21,Gone
we,20,Gone
keep,28,Gone
when,13,Gone
water,9,Gone
runs,7,Gone
love,6,Gone
if,5,Gone
were,5,Gone
mistaken,5,Gone
leave,6,Gone
chase,6,Gone
is,8,Gone
done,6,Gone
search,4,Gone
already,4,Gone
gone,4,Gone
would,1,Gone
lay,2,Gone
down,2,Gone
staring,1,Gone
their,1,Gone
eyes,1,Gone
like,2,Gone
two,1,Gone
shining,1,Gone
stones,1,Gone
see,1,Gone
myself,2,Gone
and,3,Gone
look,1,Gone
scared,1,Gone
confused,1,Gone
wait,1,Gone
did,1,Gone
talk,1,Gone
too,1,Gone
loud,2,Gone
wish,1,Gone
run,2,Gone
through,1,Gone
a,1,Gone
smoke,1,Gone
sun,1,Gone
who,1,Gone
decides,1,Gone
oh,2,Gone
you,1,Gone
might,1,Gone
also,1,Gone
mmm,1,Gone
cruels,1,Gone
endroits,1,Gone
ne,4,Gone
cherche,2,Gone
pas,2,Gone
je,2,Gone
suis,2,Gone
plus,2,Gone
là,2,Gone
ah,1,Gone
kkeep,6,Gone
running,1,Gone
built,1,Cross You Out
a,2,Cross You Out
world,1,Cross You Out
all,2,Cross You Out
in,3,Cross You Out
my,3,Cross You Out
mind,1,Cross You Out
on,1,Cross You Out
own,1,Cross You Out
will,1,Cross You Out
i,7,Cross You Out
survive,1,Cross You Out
oh,1,Cross You Out
,5,Cross You Out
century,2,Cross You Out
of,2,Cross You Out
tears,2,Cross You Out
sadness,2,Cross You Out
was,2,Cross You Out
only,1,Cross You Out
smile,1,Cross You Out
yeah,10,Cross You Out
so,2,Cross You Out
fall,2,Cross You Out
apart,2,Cross You Out
but,2,Cross You Out
youre,44,Cross You Out
gone,2,Cross You Out
and,2,Cross You Out
im,4,Cross You Out
doing,2,Cross You Out
fine,2,Cross You Out
screaming,2,Cross You Out
out,8,Cross You Out
ooh,21,Cross You Out
when,42,Cross You Out
not,42,Cross You Out
around,42,Cross You Out
ill,7,Cross You Out
finally,7,Cross You Out
cross,7,Cross You Out
you,8,Cross You Out
melt,1,Cross You Out
me,1,Cross You Out
down,1,Cross You Out
one,1,Cross You Out
piece,1,Cross You Out
at,1,Cross You Out
time,1,Cross You Out
seal,1,Cross You Out
these,1,Cross You Out
eyes,1,Cross You Out
wide,1,Cross You Out
shut,1,Cross You Out
wasnt,1,Cross You Out
mesmerized,1,Cross You Out
no,1,Cross You Out
might,1,Cross You Out
also,1,Cross You Out
like,1,Cross You Out
another,1,Cross You Out
denial,1,Cross You Out
thought,1,Cross You Out
id,1,Cross You Out
now,3,Cross You Out
ive,4,Cross You Out
become,4,Cross You Out
someone,4,Cross You Out
better,5,Cross You Out
look,2,Cross You Out
the,2,Cross You Out
mirror,2,Cross You Out
love,1,Cross You Out
myself,1,Cross You Out
feels,1,Cross You Out
good,1,Cross You Out
to,1,Cross You Out
forget,1,Cross You Out
ya,1,Cross You Out
out18,1,Cross You Out
i,19,1999
just,12,1999
wanna,23,1999
go,27,1999
back,35,1999
to,16,1999
1999,8,1999
take,5,1999
a,7,1999
ride,4,1999
my,8,1999
old,5,1999
neighborhood,4,1999
sing,4,1999
hit,4,1999
me,5,1999
baby,4,1999
one,4,1999
more,4,1999
time,6,1999
,8,1999
yeah,9,1999
nike,1,1999
airs,1,1999
all,2,1999
that,3,1999
cd,1,1999
mercedes,1,1999
drive,1,1999
round,1,1999
listening,1,1999
shady,1,1999
like,4,1999
oh,5,1999
never,2,1999
under,2,1999
pressure,2,1999
those,3,1999
days,3,1999
it,6,1999
was,4,1999
so,3,1999
much,2,1999
better,2,1999
feelin,2,1999
cool,2,1999
in,6,1999
youth,2,1999
relaxin,1,1999
no,4,1999
money,1,1999
problem,1,1999
easy,1,1999
then,2,1999
ooh,4,1999
wish,2,1999
we,9,1999
could,4,1999
uh,2,1999
got,2,1999
memories,2,1999
maybe,2,1999
do,2,1999
tonight,2,1999
tonights,2,1999
the,8,1999
night,3,1999
you,1,1999
might,1,1999
also,1,1999
remember,2,1999
home,1,1999
best,1,1999
friends,1,1999
phone,1,1999
cares,1,1999
dumb,1,1999
and,5,1999
young,1,1999
room,1,1999
singing,1,1999
michael,1,1999
jackson,1,1999
hee,2,1999
im,2,1999
askin,1,1999
does,1,1999
anyone,1,1999
how,1,1999
did,1,1999
ah,6,1999
where,2,1999
came,3,1999
from,3,1999
playin,2,1999
air,2,1999
guitar,2,1999
on,5,1999
roof,2,1999
kitchen,2,1999
up,2,1999
table,2,1999
had,2,1999
beautiful,2,1999
view,2,1999
know,1,1999
are,1,1999
over,1,1999
but,1,1999
boy,1,1999
can,1,1999
fantasize,1,1999
bout,1,1999
jtt,1,1999
mtv,1,1999
when,1,1999
close,1,1999
eeeyes,1,1999
right,6,1999
there,6,1999
hes,1,1999
were,1,1999
99,1,1999
get,8,Click
what,7,Click
i,14,Click
want,11,Click
like,22,Click
click,21,Click
they,7,Click
a,13,Click
pic,5,Click
cheers,5,Click
with,18,Click
the,26,Click
glass,5,Click
cash,5,Click
register,5,Click
goes,5,Click
you,13,Click
cant,5,Click
fuck,7,Click
my,20,Click
clique,12,Click
clclclique,3,Click
strut,5,Click
stuff,5,Click
on,10,Click
strip,5,Click
prospects,5,Click
all,7,Click
in,20,Click
whip,5,Click
pull,6,Click
up,17,Click
and,8,Click
vroom,5,Click
oh,9,Click
shit,5,Click
charlis,9,Click
this,13,Click
bitch,7,Click
sitch,1,Click
cliquecliqueclique,1,Click
yeah,10,Click
,4,Click
we,5,Click
drippin,1,Click
gold,1,Click
king,1,Click
of,3,Click
when,2,Click
roll,2,Click
hit,2,Click
kim,3,Click
cause,1,Click
she,1,Click
cute,1,Click
phone,1,Click
tommy,2,Click
he,1,Click
know,1,Click
how,1,Click
to,3,Click
ball,1,Click
fly,1,Click
off,2,Click
firstclass,1,Click
moscow,1,Click
im,7,Click
zoomin,1,Click
way,1,Click
round,1,Click
globe,1,Click
zoom,1,Click
dont,5,Click
care,1,Click
bout,1,Click
records,1,Click
sold,1,Click
cosign,1,Click
if,2,Click
did,1,Click
it,4,Click
alone,1,Click
so,4,Click
2020,3,Click
vision,1,Click
precision,1,Click
legit,2,Click
wanna,1,Click
go,4,Click
pop,2,Click
ill,1,Click
got,2,Click
them,1,Click
hits,1,Click
pick,1,Click
research,1,Click
camera,1,Click
baby,1,Click
come,2,Click
watch,4,Click
me,7,Click
dip,3,Click
oohooh,1,Click
might,1,Click
also,1,Click
si—,1,Click
wooah,1,Click
bunch,1,Click
bad,1,Click
bitches,2,Click
possible,1,Click
now,1,Click
bust,1,Click
down,3,Click
look,2,Click
at,2,Click
wrist,1,Click
such,1,Click
showoff,1,Click
designer,1,Click
everything,1,Click
versace,1,Click
louis,1,Click
goyard,1,Click
first,2,Click
check,2,Click
send,1,Click
wraith,1,Click
lookin,1,Click
safe,1,Click
diamonds,1,Click
your,1,Click
face,1,Click
skinny,1,Click
waist,1,Click
make,1,Click
him,1,Click
eat,1,Click
cake,1,Click
charli,4,Click
babe,2,Click
rock,1,Click
full,1,Click
bass,1,Click
la ,1,Click
cookie,1,Click
super,1,Click
sweet,1,Click
put,1,Click
tray,1,Click
an,1,Click
appetite,1,Click
clean,1,Click
plate,1,Click
heard,2,Click
say,2,Click
nextlevel,1,Click
fuckin,1,Click
wish,1,Click
had,1,Click
is,1,Click
hard,1,Click
sudoku,2,Click
expensive,1,Click
coco,1,Click
no,2,Click
pay,1,Click
wont,2,Click
broke,1,Click
ho,1,Click
goin,1,Click
loco,2,Click
chopard,1,Click
chingching,1,Click
babushka,1,Click
do,1,Click
gogo,1,Click
solo,1,Click
gopro,1,Click
dudududu,1,Click
macintosh,1,Click
big,1,Click
mac,1,Click
duck,1,Click
cockblock,1,Click
around,1,Click
block,1,Click
please,1,Click
doors,1,Click
unlocked,1,Click
really,1,Click
give,1,Click
flip,1,Click
jump,1,Click
out,1,Click
datdat,1,Click
for,1,Click
let,1,Click
hashtag,1,Click
хэштег,1,Click
lit,1,Click
but,1,Click
never,1,Click
need,1,Click
lot,1,Click
fake,1,Click
class,1,Click
mm,3,Click
its,1,Click
you,34,Warm
gotta,12,Warm
tell,27,Warm
me,32,Warm
the,24,Warm
reason,20,Warm
why,22,Warm
we,9,Warm
cant,9,Warm
fall,14,Warm
in,16,Warm
love,14,Warm
no,5,Warm
wont,4,Warm
open,4,Warm
up,5,Warm
know,6,Warm
ima,4,Warm
send,4,Warm
to,4,Warm
heaven,4,Warm
tequila,4,Warm
on,5,Warm
your,6,Warm
tongue,4,Warm
,6,Warm
yeah,2,Warm
dont,3,Warm
lie,3,Warm
what,5,Warm
do,5,Warm
want,7,Warm
ah,3,Warm
risk,3,Warm
it,5,Warm
all,3,Warm
cause,2,Warm
i,10,Warm
that,1,Warm
youre,4,Warm
lonely,1,Warm
own,1,Warm
were,1,Warm
out,1,Warm
la,1,Warm
for,1,Warm
a,3,Warm
month,1,Warm
think,2,Warm
can,1,Warm
hide,1,Warm
my,2,Warm
emotions,1,Warm
more,2,Warm
uhhuh,1,Warm
late,1,Warm
night,1,Warm
say,3,Warm
selfish,1,Warm
about,1,Warm
body,1,Warm
then,1,Warm
twotime,1,Warm
her,2,Warm
doesnt,1,Warm
like,2,Warm
so,3,Warm
hot,1,Warm
burn,2,Warm
place,1,Warm
down,3,Warm
give,2,Warm
need,1,Warm
might,1,Warm
also,1,Warm
make,2,Warm
wanna,2,Warm
baby,2,Warm
mistakes,1,Warm
hit,1,Warm
with,1,Warm
champagne,1,Warm
kiss,1,Warm
and,3,Warm
now,1,Warm
im,1,Warm
not,1,Warm
thinkin,1,Warm
straight,1,Warm
look,2,Warm
at,1,Warm
skyline,1,Warm
high,1,Warm
wish,3,Warm
saw,1,Warm
face,1,Warm
jump,1,Warm
deep,2,Warm
end,1,Warm
ddying,1,Warm
kinda,1,Warm
nervous,1,Warm
feel,2,Warm
same,1,Warm
was,1,Warm
than,1,Warm
surface,1,Warm
could,1,Warm
nothing,1,Warm
come,1,Warm
everything,1,Warm
go,1,Warm
again,1,Warm
ooh,8,Warm
oh,1,Warm
drivin,3,Thoughts
round,4,Thoughts
in,4,Thoughts
hollywood,3,Thoughts
i,21,Thoughts
can,3,Thoughts
only,3,Thoughts
think,5,Thoughts
bout,8,Thoughts
you,11,Thoughts
everlasting,3,Thoughts
pain,4,Thoughts
and,4,Thoughts
it,8,Thoughts
weighs,3,Thoughts
on,6,Thoughts
my,6,Thoughts
body,2,Thoughts
its,2,Thoughts
did,5,Thoughts
lose,2,Thoughts
all,6,Thoughts
fuck,3,Thoughts
up,4,Thoughts
are,6,Thoughts
friends,6,Thoughts
really,3,Thoughts
now,3,Thoughts
or,2,Thoughts
they,3,Thoughts
far,3,Thoughts
gone,3,Thoughts
the,5,Thoughts
drugs,3,Thoughts
at,3,Thoughts
a,6,Thoughts
bar,3,Thoughts
took,3,Thoughts
em,3,Thoughts
cant,4,Thoughts
stop,5,Thoughts
thinking,3,Thoughts
,5,Thoughts
fucked,1,Thoughts
just,4,Thoughts
wanna,10,Thoughts
break,1,Thoughts
glass,1,Thoughts
phone,1,Thoughts
calls,1,Thoughts
talk,3,Thoughts
back,2,Thoughts
yeah,4,Thoughts
big,2,Thoughts
attitude,1,Thoughts
like,3,Thoughts
stack,1,Thoughts
braindead,1,Thoughts
for,1,Thoughts
days,2,Thoughts
am,1,Thoughts
gonna,1,Thoughts
relapse,1,Thoughts
dont,8,Thoughts
smile,2,Thoughts
no,10,Thoughts
got,2,Thoughts
couple,2,Thoughts
problems,2,Thoughts
compromise,2,Thoughts
im,2,Thoughts
brain,1,Thoughts
might,1,Thoughts
also,1,Thoughts
go,1,Thoughts
fast,1,Thoughts
sleep,1,Thoughts
relax,1,Thoughts
10,1,Thoughts
planes,1,Thoughts
five,1,Thoughts
been,1,Thoughts
world,1,Thoughts
again,1,Thoughts
man,1,Thoughts
feel,1,Thoughts
insane,1,Thoughts
numb,1,Thoughts
hey,2,Blame It on Your Love
listen,1,Blame It on Your Love
hahaha,1,Blame It on Your Love
i,71,Blame It on Your Love
blame,28,Blame It on Your Love
it,46,Blame It on Your Love
on,28,Blame It on Your Love
you,18,Blame It on Your Love
yee,1,Blame It on Your Love
,8,Blame It on Your Love
just,4,Blame It on Your Love
wanna,1,Blame It on Your Love
drink,1,Blame It on Your Love
up,10,Blame It on Your Love
pour,1,Blame It on Your Love
in,3,Blame It on Your Love
a,5,Blame It on Your Love
silver,1,Blame It on Your Love
cup,1,Blame It on Your Love
know,7,Blame It on Your Love
like,4,Blame It on Your Love
to,8,Blame It on Your Love
party,1,Blame It on Your Love
but,3,Blame It on Your Love
love,23,Blame It on Your Love
your,24,Blame It on Your Love
body,2,Blame It on Your Love
so,1,Blame It on Your Love
many,1,Blame It on Your Love
things,1,Blame It on Your Love
shouldnt,1,Blame It on Your Love
do,19,Blame It on Your Love
hate,1,Blame It on Your Love
myself,1,Blame It on Your Love
for,2,Blame It on Your Love
hurting,1,Blame It on Your Love
yeah,15,Blame It on Your Love
honestly,1,Blame It on Your Love
im,5,Blame It on Your Love
reckless,1,Blame It on Your Love
sorry,2,Blame It on Your Love
if,1,Blame It on Your Love
selfish,1,Blame It on Your Love
every,10,Blame It on Your Love
time,10,Blame It on Your Love
get,2,Blame It on Your Love
too,2,Blame It on Your Love
close,2,Blame It on Your Love
run,5,Blame It on Your Love
away,3,Blame It on Your Love
and,2,Blame It on Your Love
say,5,Blame It on Your Love
the,9,Blame It on Your Love
words,2,Blame It on Your Love
dont,5,Blame It on Your Love
what,3,Blame It on Your Love
back,4,Blame It on Your Love
beginning,2,Blame It on Your Love
really,3,Blame It on Your Love
wish,2,Blame It on Your Love
that,3,Blame It on Your Love
could,2,Blame It on Your Love
change,2,Blame It on Your Love
fuck,9,Blame It on Your Love
cant,9,Blame It on Your Love
help,4,Blame It on Your Love
stop,4,Blame It on Your Love
might,1,Blame It on Your Love
also,1,Blame It on Your Love
woahoh,1,Blame It on Your Love
little,2,Blame It on Your Love
scared,1,Blame It on Your Love
no,1,Blame It on Your Love
one,4,Blame It on Your Love
ever,1,Blame It on Your Love
cared,1,Blame It on Your Love
uhhuh,1,Blame It on Your Love
took,1,Blame It on Your Love
granted,1,Blame It on Your Love
did,1,Blame It on Your Love
big,1,Blame It on Your Love
misunderstanding,1,Blame It on Your Love
want,1,Blame It on Your Love
spend,1,Blame It on Your Love
night,2,Blame It on Your Love
sleeping,1,Blame It on Your Love
bed,1,Blame It on Your Love
tonight,1,Blame It on Your Love
or,1,Blame It on Your Love
watch,1,Blame It on Your Love
tv,1,Blame It on Your Love
when,1,Blame It on Your Love
need,1,Blame It on Your Love
me,1,Blame It on Your Love
man,2,Blame It on Your Love
yayaee,1,Blame It on Your Love
whats,1,Blame It on Your Love
wrong,1,Blame It on Your Love
with,1,Blame It on Your Love
this,2,Blame It on Your Love
girl,1,Blame It on Your Love
charli,1,Blame It on Your Love
she,1,Blame It on Your Love
crazy,1,Blame It on Your Love
woo,1,Blame It on Your Love
gotta,1,Blame It on Your Love
juice,2,Blame It on Your Love
looking,1,Blame It on Your Love
at,1,Blame It on Your Love
my,2,Blame It on Your Love
booty,1,Blame It on Your Love
baby,1,Blame It on Your Love
control,2,Blame It on Your Love
swisher,1,Blame It on Your Love
roll,2,Blame It on Your Love
ima,1,Blame It on Your Love
give,2,Blame It on Your Love
chance,2,Blame It on Your Love
fall,1,Blame It on Your Love
uh,1,Blame It on Your Love
ah,2,Blame It on Your Love
oh,1,Blame It on Your Love
uhoh,2,Blame It on Your Love
tryna,2,Blame It on Your Love
catch,2,Blame It on Your Love
millions,1,Blame It on Your Love
aint,1,Blame It on Your Love
feelings,1,Blame It on Your Love
bitch,1,Blame It on Your Love
we,1,Blame It on Your Love
hahahaha,1,Blame It on Your Love
okay,1,Blame It on Your Love
thats,1,Blame It on Your Love
dont,17,White Mercedes
say,3,White Mercedes
you,28,White Mercedes
love,10,White Mercedes
me,7,White Mercedes
cause,2,White Mercedes
i,28,White Mercedes
cant,1,White Mercedes
it,4,White Mercedes
back,4,White Mercedes
youre,5,White Mercedes
sorry,1,White Mercedes
youve,1,White Mercedes
done,1,White Mercedes
nothing,3,White Mercedes
bad,1,White Mercedes
swallow,2,White Mercedes
my,3,White Mercedes
feelings,1,White Mercedes
but,6,White Mercedes
wont,1,White Mercedes
pride,1,White Mercedes
know,9,White Mercedes
ive,1,White Mercedes
got,1,White Mercedes
a,4,White Mercedes
suit,1,White Mercedes
of,5,White Mercedes
armor,1,White Mercedes
on,4,White Mercedes
youll,3,White Mercedes
never,3,White Mercedes
see,2,White Mercedes
cry,1,White Mercedes
hate,4,White Mercedes
the,6,White Mercedes
silence,1,White Mercedes
ahah,6,White Mercedes
thats,1,White Mercedes
why,1,White Mercedes
musics,1,White Mercedes
always,5,White Mercedes
loud,1,White Mercedes
so,4,White Mercedes
many,1,White Mercedes
problems,1,White Mercedes
try,1,White Mercedes
to,5,White Mercedes
drown,1,White Mercedes
em,1,White Mercedes
out,1,White Mercedes
1000,1,White Mercedes
bottles,1,White Mercedes
collecting,1,White Mercedes
souvenirs,1,White Mercedes
its,3,White Mercedes
hard,2,White Mercedes
admit,2,White Mercedes
only,1,White Mercedes
good,3,White Mercedes
inside,1,White Mercedes
is,10,White Mercedes
,6,White Mercedes
take,2,White Mercedes
all,8,White Mercedes
these,2,White Mercedes
blue,2,White Mercedes
and,4,White Mercedes
yellow,2,White Mercedes
pills,2,White Mercedes
seems,2,White Mercedes
last,3,White Mercedes
like,9,White Mercedes
chasing,2,White Mercedes
after,2,White Mercedes
something,3,White Mercedes
that,2,White Mercedes
catch,2,White Mercedes
woah,2,White Mercedes
white,3,White Mercedes
mercedes,3,White Mercedes
been,3,White Mercedes
running,3,White Mercedes
too,3,White Mercedes
fast,3,White Mercedes
when,3,White Mercedes
your,10,White Mercedes
heart,3,White Mercedes
breaking,3,White Mercedes
keep,3,White Mercedes
taking,3,White Mercedes
myself,3,White Mercedes
really,3,White Mercedes
hurting,6,White Mercedes
feels,3,White Mercedes
im,3,White Mercedes
as,3,White Mercedes
well,3,White Mercedes
deserve,14,White Mercedes
forgiving,1,White Mercedes
friends,2,White Mercedes
think,1,White Mercedes
best,2,White Mercedes
from,1,White Mercedes
beginning,1,White Mercedes
said,1,White Mercedes
wouldnt,1,White Mercedes
this,1,White Mercedes
connection,1,White Mercedes
they,1,White Mercedes
damn,1,White Mercedes
part,1,White Mercedes
was,1,White Mercedes
might,1,White Mercedes
also,1,White Mercedes
one,2,White Mercedes
day,2,White Mercedes
ill,4,White Mercedes
pull,2,White Mercedes
through,2,White Mercedes
be,2,White Mercedes
enough,2,White Mercedes
oh,2,White Mercedes
yeah,1,White Mercedes
do,5,Silver Cross
you,49,Silver Cross
feel,6,Silver Cross
alright,2,Silver Cross
need,1,Silver Cross
me,5,Silver Cross
by,1,Silver Cross
your,4,Silver Cross
side,1,Silver Cross
we,2,Silver Cross
go,20,Silver Cross
out,2,Silver Cross
all,10,Silver Cross
night,9,Silver Cross
makes,3,Silver Cross
the,1,Silver Cross
pain,1,Silver Cross
hurt,1,Silver Cross
a,7,Silver Cross
little,1,Silver Cross
less,1,Silver Cross
it,4,Silver Cross
one,1,Silver Cross
more,1,Silver Cross
time,1,Silver Cross
cause,1,Silver Cross
feels,1,Silver Cross
so,14,Silver Cross
justified,1,Silver Cross
see,1,Silver Cross
fall,1,Silver Cross
pick,1,Silver Cross
up,1,Silver Cross
again,1,Silver Cross
,4,Silver Cross
if,2,Silver Cross
eyes,2,Silver Cross
are,3,Silver Cross
sad,4,Silver Cross
too,2,Silver Cross
got,2,Silver Cross
overprotective,2,Silver Cross
its,6,Silver Cross
true,3,Silver Cross
like,3,Silver Cross
i,6,Silver Cross
would,2,Silver Cross
jump,2,Silver Cross
off,2,Silver Cross
buildings,2,Silver Cross
for,2,Silver Cross
okay,4,Silver Cross
ill,17,Silver Cross
watch,2,Silver Cross
cry,7,Silver Cross
promise,2,Silver Cross
wont,2,Silver Cross
let,18,Silver Cross
pull,5,Silver Cross
close,15,Silver Cross
never,16,Silver Cross
know,5,Silver Cross
head,5,Silver Cross
on,5,Silver Cross
my,5,Silver Cross
chest,5,Silver Cross
silver,5,Silver Cross
cross,5,Silver Cross
can,5,Silver Cross
might,1,Silver Cross
also,1,Silver Cross
lie,1,Silver Cross
awake,1,Silver Cross
till,2,Silver Cross
dawn,1,Silver Cross
oh,4,Silver Cross
were,1,Silver Cross
face,2,Silver Cross
to,2,Silver Cross
and,1,Silver Cross
palm,2,Silver Cross
problems,1,Silver Cross
far,2,Silver Cross
away,2,Silver Cross
lying,1,Silver Cross
im,1,Silver Cross
trusting,1,Silver Cross
take,1,Silver Cross
breath,1,Silver Cross
make,1,Silver Cross
safe,1,Silver Cross
laying,1,I Don’t Wanna Know
in,4,I Don’t Wanna Know
silence,1,I Don’t Wanna Know
you,15,I Don’t Wanna Know
were,1,I Don’t Wanna Know
a,2,I Don’t Wanna Know
diamond,1,I Don’t Wanna Know
bright,1,I Don’t Wanna Know
yeah,4,I Don’t Wanna Know
touching,1,I Don’t Wanna Know
my,2,I Don’t Wanna Know
fingertips,1,I Don’t Wanna Know
melting,1,I Don’t Wanna Know
into,1,I Don’t Wanna Know
the,5,I Don’t Wanna Know
night,1,I Don’t Wanna Know
oh,1,I Don’t Wanna Know
secrets,2,I Don’t Wanna Know
are,2,I Don’t Wanna Know
locked,2,I Don’t Wanna Know
up,2,I Don’t Wanna Know
prison,2,I Don’t Wanna Know
cell,2,I Don’t Wanna Know
your,2,I Don’t Wanna Know
mind,1,I Don’t Wanna Know
kisses,3,I Don’t Wanna Know
fall,2,I Don’t Wanna Know
on,4,I Don’t Wanna Know
her,2,I Don’t Wanna Know
lips,2,I Don’t Wanna Know
that,1,I Don’t Wanna Know
shouldve,1,I Don’t Wanna Know
been,1,I Don’t Wanna Know
mine,1,I Don’t Wanna Know
,2,I Don’t Wanna Know
i,16,I Don’t Wanna Know
dont,16,I Don’t Wanna Know
wanna,12,I Don’t Wanna Know
know,16,I Don’t Wanna Know
what,22,I Don’t Wanna Know
youve,22,I Don’t Wanna Know
done,22,I Don’t Wanna Know
who,6,I Don’t Wanna Know
love,6,I Don’t Wanna Know
im,2,I Don’t Wanna Know
losing,2,I Don’t Wanna Know
so,2,I Don’t Wanna Know
come,2,I Don’t Wanna Know
tell,4,I Don’t Wanna Know
truth,2,I Don’t Wanna Know
me,4,I Don’t Wanna Know
youre,2,I Don’t Wanna Know
sorry,2,I Don’t Wanna Know
pretend,2,I Don’t Wanna Know
still,2,I Don’t Wanna Know
want,2,I Don’t Wanna Know
cause,2,I Don’t Wanna Know
already,2,I Don’t Wanna Know
ooh,10,I Don’t Wanna Know
might,1,I Don’t Wanna Know
also,1,I Don’t Wanna Know
like,1,I Don’t Wanna Know
fighting,2,I Don’t Wanna Know
tears,1,I Don’t Wanna Know
back,1,I Don’t Wanna Know
to,1,I Don’t Wanna Know
make,1,I Don’t Wanna Know
stay,1,I Don’t Wanna Know
screaming,1,I Don’t Wanna Know
at,1,I Don’t Wanna Know
angels,1,I Don’t Wanna Know
holding,1,I Don’t Wanna Know
wall,1,I Don’t Wanna Know
brain,1,I Don’t Wanna Know
heart,1,I Don’t Wanna Know
memorys,1,I Don’t Wanna Know
left,1,I Don’t Wanna Know
behind,1,I Don’t Wanna Know
hard,1,Official
to,5,Official
read,1,Official
you,22,Official
could,11,Official
be,3,Official
ocd,1,Official
bad,4,Official
for,1,Official
me,6,Official
say,7,Official
anything,1,Official
sometimes,2,Official
i,14,Official
get,1,Official
a,1,Official
bit,2,Official
tmi,1,Official
little,2,Official
scared,1,Official
of,4,Official
heights,1,Official
afraid,1,Official
know,4,Official
the,27,Official
things,19,Official
that,24,Official
make,13,Official
smile,1,Official
face,1,Official
before,1,Official
my,9,Official
tears,1,Official
fall,1,Official
down,1,Official
feel,1,Official
when,7,Official
youre,1,Official
acting,1,Official
suspicious,1,Official
place,1,Official
run,1,Official
hide,1,Official
take,1,Official
problems,1,Official
there,1,Official
work,1,Official
’em,1,Official
out,1,Official
,4,Official
dont,2,Official
wanna,2,Official
listen,2,Official
decisions,3,Official
we,5,Official
do,3,Official
by,3,Official
sink,3,Official
in,5,Official
kitchen,3,Official
remember,4,Official
our,4,Official
first,4,Official
date,4,Official
no,8,Official
chocolate,4,Official
and,4,Official
bouquet,4,Official
but,5,Official
way,4,Official
kissed,4,Official
these,7,Official
are,7,Official
us,9,Official
official,9,Official
look,1,Official
at,2,Official
isnt,1,Official
it,4,Official
obvious,1,Official
is,2,Official
so,3,Official
dangerous,1,Official
complicated,1,Official
shapes,1,Official
body,1,Official
makes,1,Official
under,1,Official
sheets,1,Official
4,1,Official
am,1,Official
with,2,Official
break,1,Official
we’re,1,Official
switchin,1,Official
positions,1,Official
words,1,Official
mistakes,1,Official
understand,1,Official
because,1,Official
made,1,Official
em,1,Official
too,1,Official
might,2,Official
also,1,Official
like,1,Official
all,4,Official
forget,1,Official
dreams,1,Official
put,1,Official
head,1,Official
im,1,Official
still,1,Official
asleep,1,Official
theres,1,Official
breakfast,1,Official
bed,1,Official
maybe,1,Official
sky,1,Official
not,1,Official
always,1,Official
blue,1,Official
wishes,1,Official
will,1,Official
never,1,Official
come,1,Official
true,1,Official
doesnt,1,Official
matter,1,Official
cause,1,Official
i’m,1,Official
here,1,Official
this,1,Official
stuff,1,Official
tell,1,Official
your,1,Official
friends,1,Official
’cause,1,Official
were,1,Official
goin’,1,Official
i,145,Shake It
shake,161,Shake It
it,170,Shake It
ooh,31,Shake It
all,13,Shake It
on,22,Shake It
you,28,Shake It
,7,Shake It
sh,5,Shake It
might,1,Shake It
also,1,Shake It
like,29,Shake It
work,1,Shake It
oh,3,Shake It
its,3,Shake It
a,24,Shake It
migraine,1,Shake It
make,4,Shake It
them,1,Shake It
pupils,1,Shake It
dilate,1,Shake It
wanna,2,Shake It
watch,1,Shake It
gyrate,1,Shake It
ass,9,Shake It
is,3,Shake It
tirade,1,Shake It
pop,1,Shake It
tylenol,1,Shake It
split,1,Shake It
your,4,Shake It
head,1,Shake It
and,6,Shake It
call,1,Shake It
off,2,Shake It
got,2,Shake It
drinking,2,Shake It
water,1,Shake It
when,3,Shake It
should,1,Shake It
be,2,Shake It
alcohol,1,Shake It
faster,1,Shake It
than,2,Shake It
an,2,Shake It
adderall,1,Shake It
audemars,1,Shake It
spray,1,Shake It
aerosol,1,Shake It
dog,2,Shake It
dont,7,Shake It
that,6,Shake It
mm,2,Shake It
salt,2,Shake It
shaker,2,Shake It
uh,1,Shake It
anything,2,Shake It
myself,2,Shake It
this,8,Shake It
pussy,8,Shake It
pedestal,1,Shake It
put,3,Shake It
shelf,1,Shake It
iii,1,Shake It
cause,2,Shake It
aint,2,Shake It
no,3,Shake It
shakin,4,Shake It
freedia,1,Shake It
lose,1,Shake It
her,1,Shake It
belt,1,Shake It
come,1,Shake It
ah,3,Shake It
baby,7,Shake It
miss,2,Shake It
cupcakke,2,Shake It
track,2,Shake It
in,5,Shake It
three,1,Shake It
two,2,Shake It
one,1,Shake It
do,2,Shake It
jamaican,1,Shake It
birthday,1,Shake It
but,1,Shake It
im,8,Shake It
cakin,1,Shake It
tryna,1,Shake It
get,3,Shake It
the,9,Shake It
oil,1,Shake It
of,5,Shake It
bacon,1,Shake It
if,1,Shake It
need,3,Shake It
wakin,1,Shake It
ima,2,Shake It
alarm,1,Shake It
bout,5,Shake It
to,6,Shake It
move,4,Shake It
house,1,Shake It
vacant,1,Shake It
know,2,Shake It
wont,1,Shake It
stop,1,Shake It
pulled,1,Shake It
over,1,Shake It
by,1,Shake It
white,1,Shake It
cop,1,Shake It
virgin,1,Shake It
give,1,Shake It
up,1,Shake It
box,1,Shake It
told,2,Shake It
em,4,Shake It
miracle,1,Shake It
my,9,Shake It
name,1,Shake It
watts,1,Shake It
purgin,1,Shake It
shit,1,Shake It
never,1,Shake It
nervous,1,Shake It
bitch,1,Shake It
top,1,Shake It
dick,1,Shake It
turbulence,1,Shake It
havent,1,Shake It
heard,1,Shake It
from,2,Shake It
since,1,Shake It
different,1,Shake It
expense,1,Shake It
now,1,Shake It
staples,1,Shake It
fuckin,1,Shake It
vince,1,Shake It
paddle,3,Shake It
seattle,1,Shake It
fight,1,Shake It
own,1,Shake It
battles,1,Shake It
harder,1,Shake It
rattle,1,Shake It
he,2,Shake It
then,1,Shake It
tackle,1,Shake It
bite,1,Shake It
apple,1,Shake It
so,2,Shake It
juicy,1,Shake It
cum,1,Shake It
made,1,Shake It
snapple,1,Shake It
ayy,1,Shake It
brooke,2,Shake It
muthafuckin,2,Shake It
candy,2,Shake It
charli,3,Shake It
xcx,2,Shake It
tell,2,Shake It
me,5,Shake It
what,2,Shake It
want,2,Shake It
daddy,1,Shake It
little,2,Shake It
bit,2,Shake It
sugar,1,Shake It
cocainecolored,1,Shake It
sheets,1,Shake It
where,1,Shake It
bouncin,1,Shake It
bounce,1,Shake It
turn,1,Shake It
mansion,1,Shake It
palace,1,Shake It
ya,1,Shake It
richter,1,Shake It
scale,1,Shake It
crucify,1,Shake It
body,1,Shake It
holy,1,Shake It
grail,1,Shake It
lean,1,Shake It
sippin,1,Shake It
cup,1,Shake It
strip,1,Shake It
club,1,Shake It
hey,1,Shake It
magic,1,Shake It
city,1,Shake It
double,1,Shake It
ds,1,Shake It
allnatural,1,Shake It
big,1,Shake It
titties,1,Shake It
boxfresh,1,Shake It
vibrator,1,Shake It
firstclass,1,Shake It
fast,1,Shake It
concorde,1,Shake It
damn,1,Shake It
insane,1,Shake It
straightjacket,1,Shake It
still,1,Shake It
safe,1,Shake It
cant,1,Shake It
handle,1,Shake It
jelly,1,Shake It
plate,1,Shake It
leave,1,Shake It
shook,1,Shake It
beyoncé,1,Shake It
sha,1,Shake It
darling,1,Shake It
say,1,Shake It
please,1,Shake It
haha,2,Shake It
pabllo,2,Shake It
vittar,1,Shake It
pra,3,Shake It
começar,1,Shake It
direito,1,Shake It
eu,5,Shake It
soletro,1,Shake It
você,1,Shake It
rainha,1,Shake It
se,2,Shake It
escreve,1,Shake It
com,2,Shake It
dois,2,Shake It
l,1,Shake It
e,2,Shake It
t,1,Shake It
como,1,Shake It
estagiário,1,Shake It
trabalho,1,Shake It
tô,1,Shake It
sem,1,Shake It
tempo,1,Shake It
tenho,1,Shake It
um,1,Shake It
problema,1,Shake It
resolvo,1,Shake It
talento,1,Shake It
dedinho,1,Shake It
na,1,Shake It
boca,1,Shake It
sou,2,Shake It
uma,3,Shake It
tentação,1,Shake It
pista,1,Shake It
pega,1,Shake It
fogo,1,Shake It
derretendo,1,Shake It
o,2,Shake It
paredão,1,Shake It
já,1,Shake It
mostrei,1,Shake It
que,3,Shake It
queen,1,Shake It
falo,1,Shake It
sério,1,Shake It
vocês,1,Shake It
coroa,1,Shake It
é,2,Shake It
pesada,1,Shake It
mas,1,Shake It
acostumei,1,Shake It
meu,1,Shake It
popozão,1,Shake It
achei,2,Shake It
aguentasse,1,Shake It
pressão,1,Shake It
ma,1,Shake It
cheguei,1,Shake It
la,1,Shake It
mais,2,Shake It
vez,2,Shake It
love,1,Shake It
uh,2,February 2017
yeah,15,February 2017
,2,February 2017
know,2,February 2017
i,15,February 2017
keep,1,February 2017
on,1,February 2017
saying,1,February 2017
im,1,February 2017
alright,1,February 2017
but,3,February 2017
every,1,February 2017
single,2,February 2017
night,3,February 2017
when,1,February 2017
cut,1,February 2017
off,1,February 2017
the,7,February 2017
lights,1,February 2017
feel,3,February 2017
like,4,February 2017
crying,3,February 2017
your,4,February 2017
picture,1,February 2017
revolving,1,February 2017
in,5,February 2017
my,5,February 2017
mind,2,February 2017
then,1,February 2017
it,9,February 2017
turns,1,February 2017
to,3,February 2017
white,1,February 2017
guess,1,February 2017
i’ll,1,February 2017
go,1,February 2017
blind,1,February 2017
hope,7,February 2017
you,8,February 2017
can,5,February 2017
forgive,5,February 2017
all,10,February 2017
of,1,February 2017
crimes,1,February 2017
read,1,February 2017
wont,1,February 2017
reply,4,February 2017
just,1,February 2017
need,1,February 2017
baby,1,February 2017
needs,1,February 2017
a,6,February 2017
sign,4,February 2017
give,2,February 2017
me,2,February 2017
sorry,3,February 2017
broke,1,February 2017
down,1,February 2017
tore,1,February 2017
heart,1,February 2017
ripped,1,February 2017
apart,1,February 2017
headlights,1,February 2017
dark,1,February 2017
’bout,1,February 2017
grammy,1,February 2017
was,2,February 2017
flyin,1,February 2017
out,1,February 2017
different,1,February 2017
place,1,February 2017
tortured,1,February 2017
and,1,February 2017
drifting,1,February 2017
by,1,February 2017
kept,1,February 2017
dancing,1,February 2017
that,1,February 2017
house,1,February 2017
windows,2,February 2017
turned,2,February 2017
black,2,February 2017
eyes,1,February 2017
were,1,February 2017
rolling,1,February 2017
back,1,February 2017
get,2,February 2017
one,2,February 2017
more,2,February 2017
chance,1,February 2017
call,1,February 2017
only,1,February 2017
whats,1,February 2017
good,1,February 2017
once,1,February 2017
have,1,February 2017
lost,7,February 2017
might,1,February 2017
also,1,February 2017
things,12,February 2017
ive,9,February 2017
done,12,February 2017
i’ve,3,February 2017
i,15,2099
pull,12,2099
up,34,2099
roll,12,2099
fuck,8,2099
fast,4,2099
like,6,2099
a,5,2099
nascar,4,2099
never,6,2099
touch,4,2099
us,4,2099
got,4,2099
visions,4,2099
levels,4,2099
they,8,2099
dont,14,2099
get,4,2099
me,12,2099
quiet,4,2099
no,5,2099
discussions,4,2099
please,4,2099
hush,4,2099
make,4,2099
decisions,4,2099
for,4,2099
you,5,2099
know,6,2099
nothin,4,2099
im,9,2099
pluto,4,2099
neptune,4,2099
future,7,2099
ah,3,2099
,2,2099
woo,2,2099
kill,1,2099
it,3,2099
so,3,2099
deadly,2,2099
ooh,2,2099
zooming,1,2099
jet,1,2099
ski,1,2099
zoom,2,2099
little,1,2099
dose,1,2099
of,1,2099
napalm,1,2099
blow,1,2099
yeah,4,2099
care,2,2099
what,2,2099
she,6,2099
talk,1,2099
about,3,2099
nah,1,2099
all,2,2099
wanna,2,2099
do,1,2099
is,1,2099
my,3,2099
style,1,2099
one,1,2099
on,1,2099
level,1,2099
play,2,2099
nice,1,2099
cause,1,2099
too,2,2099
clever,1,2099
wont,1,2099
show,1,2099
but,4,2099
its,3,2099
crystal,1,2099
way,2,2099
better,2,2099
might,3,2099
pop,1,2099
whatever,1,2099
sell,1,2099
whats,1,2099
selling,1,2099
does,1,2099
last,1,2099
long,1,2099
write,1,2099
that,1,2099
see,1,2099
scared,1,2099
some,1,2099
people,2,2099
tried,1,2099
to,1,2099
save,1,2099
also,1,2099
feeling,1,2099
good,1,2099
than,1,2099
ever,1,2099
could,1,2099
had,1,2099
bad,1,2099
in,1,2099
business,1,2099
gone,2,2099
now,2,2099
cage,1,2099
prison,1,2099
away,1,2099
listen,1,2099
say,1,2099
think,1,2099
the,1,2099
fame,1,2099
nananana,1,2099
